News_Preview,News_Full,Sentiment_Label,Risk_Score,Risk_Level,Prob_Neg,Prob_Neu,Prob_Pos,Keyword_Count,Tags,Timestamp
"Mrs. Amelia Stewart Wright Knight and her Oregan Trail Diary. I  enjoy reading true stories, especia...","Mrs. Amelia Stewart Wright Knight and her Oregan Trail Diary. I  enjoy reading true stories, especially diaries. I purchased the book, Lillian Schlissel's Women's Diaries of the Westward Journey.  I...",Neutral,0.4923016943968832,Medium Risk,0.0062498366,0.96825457,0.025495583,0,"Oregon Trail, Diary, Women's History, Westward Expansion, Amelia Stewart Wright",2026-02-18 12:07:31.120193
"Building new hospitals is not an issue; filling them with sufficient manpower is, says Health Minist...","Building new hospitals is not an issue; filling them with sufficient manpower is, says Health Minister. PONTIAN: Building new hospitals and facilities is not the main challenge facing the Health Ministry, as the greater issue lies in ensuring sufficient manpower to run them effectively, says its minister. Read full story",Neutral,0.4912219282239675,Medium Risk,0.004615361,0.9688241,0.026560592,0,"Health Minister, Manpower shortage, Hospital construction, Healthcare",2026-02-18 12:07:41.983926
"UPSC Key: Seva Teerth, BNP wins Bangladesh elections, and New CPI. What is the importance of India h...","UPSC Key: Seva Teerth, BNP wins Bangladesh elections, and New CPI. What is the importance of India hosting the AI Impact Summit 2026 for your UPSC exam? What significance do topics such as the India-USA relationship, AI Impact Summit, and new CPI have for both the Preliminary and Main exams? You can learn more by reading The…",Neutral,0.4800998286344111,Medium Risk,0.013041721,0.92416614,0.062792085,1,"UPSC, Bangladesh Elections, AI Impact Summit, India-USA Relations, CPI, Seva Teerth",2026-02-18 12:08:34.097805
Disney is reshaping housing markets with ‘well executed’ theme park expansions. Disneyland in Anahei...,"Disney is reshaping housing markets with ‘well executed’ theme park expansions. Disneyland in Anaheim, California already boasts a 500-acre footprint.",Positive,0.10866020177491,Low Risk,0.0020419643,0.017566567,0.9803915,0,"Disney, Theme Parks, Housing Market, Real Estate, Disneyland, Expansion",2026-02-18 12:08:43.914008
"Lakers governor Jeanie Buss talks year of transition, says father would have supported sale to Mark ...","Lakers governor Jeanie Buss talks year of transition, says father would have supported sale to Mark Walter. Los Angeles Lakers governor Jeanie Buss said new majority owner Mark Walter's access to capital will help the team best compete with the NBA's top franchises.",Positive,0.2066772147547453,Low Risk,0.0064046565,0.25388372,0.73971164,1,"Los Angeles Lakers, Jeanie Buss, Mark Walter, NBA, Ownership Change",2026-02-18 12:08:56.230226
CFTC defends its right to prediction market enforcement as states challenge platforms. CFTC Chairman...,CFTC defends its right to prediction market enforcement as states challenge platforms. CFTC Chairman Michael Selig said the agency has filed an amicus brief to assert its authority over prediction market enforcement and regulation.,Neutral,0.4959371365606784,Medium Risk,0.07405267,0.8417375,0.0842098,0,"CFTC, Prediction Markets, Regulation, Enforcement, Michael Selig",2026-02-18 12:09:06.551390
"Netflix grants WBD waiver to reopen deal talks with Paramount, Sarandos says 'let them make a move'....","Netflix grants WBD waiver to reopen deal talks with Paramount, Sarandos says 'let them make a move'. Warner Bros. Discovery on Tuesday said it will engage in deal talks with Paramount Skydance under a 7-day waiver from Netflix.",Positive,0.1317447768524289,Low Risk,0.0057652835,0.067831375,0.92640334,0,"Netflix, Warner Bros. Discovery, Paramount, Deal Talks, Merger, Streaming",2026-02-18 12:09:15.763194
How agri-commodity price volatility is transforming beverage manufacturing in India. Disciplined ris...,"How agri-commodity price volatility is transforming beverage manufacturing in India. Disciplined risk management, flexible planning, and strategic diversification are no longer defensive measures, they are central to sustaining competitiveness",Neutral,0.4515372252091765,Medium Risk,0.0238642,0.83111465,0.1450212,0,"Beverage Manufacturing, India, Price Volatility, Risk Management, Strategic Diversification",2026-02-18 12:09:44.146171
ET Now GBS 2026: Maharashtra $1-trillion push needed for India's $5-trillion economy quest. Placing ...,"ET Now GBS 2026: Maharashtra $1-trillion push needed for India's $5-trillion economy quest. Placing the state's target alongside India's broader goal of becoming a $5-trillion economy by 2030 and a developed nation by 2047, state industry secretary P Anbalagan said Maharashtra's trajectory broadly mirrors national trends but will require a sharper p…",Neutral,0.44421561434865,Medium Risk,0.04133565,0.77786773,0.18079662,0,"Maharashtra, India, Economy, $5 Trillion Economy, Economic Growth, P Anbalagan",2026-02-18 12:13:57.678623
"Passenger Rapid Transit System Analysis Report 2026: $86.91 Bn Market Opportunities, Trends, Competi...","Passenger Rapid Transit System Analysis Report 2026: $86.91 Bn Market Opportunities, Trends, Competitive Landscape, Strategies, and Forecasts, 2020-2025, 2025-2030F, 2035F. The passenger rapid transit system market thrives on urbanization, smart city investments, demand for low-emission transport, and digital innovations. Growth opportunities exist in autonomous operations, high-capacity rail networks, smart signaling, and the f…",Positive,0.2947116997092962,Low Risk,0.013917621,0.45894402,0.5271383,1,"Passenger Rapid Transit, Market Analysis, Urbanization, Smart Cities, Low-Emission Transport, Autonomous Operations",2026-02-18 12:14:08.192255
Dave's Hot Chicken investors bet on birria with national franchise expansion plan. Once known as a r...,"Dave's Hot Chicken investors bet on birria with national franchise expansion plan. Once known as a regional Mexican food, birria now appears on 3.7% of U.S. menus, according to Datassential.",Positive,0.11184843769297,Low Risk,0.003477347,0.022666397,0.9738563,0,"Dave's Hot Chicken, Birria, Franchise Expansion, Restaurant Chains, Food Trends",2026-02-18 12:14:20.161293
"Transit and Ground Passenger Transport Analysis Report 2026: $1,070 Bn Market Opportunities, Trends,...","Transit and Ground Passenger Transport Analysis Report 2026: $1,070 Bn Market Opportunities, Trends, Competitive Landscape, Strategies, and Forecasts, 2020-2025, 2025-2030F, 2035F. Key market opportunities in transit and ground passenger transport include investments in smart city transit, rising demand for low-emission solutions, expansion of multimodal mobility, adoption of data-driven route optimization, and integration of digital co…",Neutral,0.4485357804223895,Medium Risk,0.01513022,0.841079,0.14379084,1,"Transit, Ground Passenger Transport, Market Analysis, Smart City, Low-Emission, Multimodal Mobility",2026-02-18 12:14:46.594613
"$41.79 Bn Rolling Stock Market - Global Forecast to 2032 with CRRC, Siemens, Alstom, Stadler Rail, a...","$41.79 Bn Rolling Stock Market - Global Forecast to 2032 with CRRC, Siemens, Alstom, Stadler Rail, and Wabtec Dominating. The global rolling stock market is set to burgeon from USD 30.94 billion in 2025 to USD 41.79 billion by 2032, achieving a CAGR of 4.4%. Key drivers include new railway initiatives, line expansions, and the replacement of outdated units. Rising investment in …",Positive,0.1342023931443691,Low Risk,0.0053021163,0.07490177,0.91979605,0,"Rolling Stock Market, Global Forecast, CRR, Siemens, Alstom, Stadler Rail",2026-02-18 12:15:00.043069
Ford to follow Tesla Cybertruck with electrical tech in new EV pickup. Ford's next generation of all...,Ford to follow Tesla Cybertruck with electrical tech in new EV pickup. Ford's next generation of all-electric vehicles will feature a budding technology commercialized by Tesla in the U.S. on its Cybertruck.,Positive,0.3364640420302748,Low Risk,0.020545235,0.55006963,0.42938516,0,"Ford, Tesla, EV, Pickup Truck, Technology",2026-02-18 12:15:11.308410
Traffic management plan enforced in Pashupati area for Maha Shivaratri. KATHMANDU: Preparations have...,"Traffic management plan enforced in Pashupati area for Maha Shivaratri. KATHMANDU: Preparations have been completed at the Pashupatinath Temple area for this year’s Maha Shivaratri festival, which falls on Sunday. Authorities have carried out painting, cleaning, and other maintenance works in the Pashupati premises. A large numbe…",Neutral,0.4905124865472317,Medium Risk,0.03427094,0.90773934,0.057989713,0,"Maha Shivaratri, Pashupatinath Temple, Traffic Management, Kathmandu, Festival",2026-02-18 12:15:49.393843
"CalChamber Urges U.S. Administration to Address Expected Port Congestion, Supply Chain Disruptions -...","CalChamber Urges U.S. Administration to Address Expected Port Congestion, Supply Chain Disruptions - California Chamber",Negative,0.8574932973831891,High Risk,0.9027248024940491,0.08828363567590714,0.008991573005914688,3,"Supply Chain, Port Congestion, Logistics, Trade, California Chamber",2026-02-18 13:13:30.603124
Stellantis lures GM exec to become North America purchasing chief in supply chain shakeup - Automoti...,Stellantis lures GM exec to become North America purchasing chief in supply chain shakeup - Automotive News,Positive,0.15151478108018637,Low Risk,0.014404943212866783,0.099977046251297,0.8856180906295776,1,"Stellantis, GM, Supply Chain, Executive Hires, Purchasing, Automotive",2026-02-18 13:13:51.805172
Securing the AI software supply chain: Security results across 67 open source projects - The GitHub ...,Securing the AI software supply chain: Security results across 67 open source projects - The GitHub Blog,Neutral,0.4481698637828231,Medium Risk,0.02250327728688717,0.8254181146621704,0.1520785689353943,1,"AI, Security, Supply Chain, Open Source, GitHub",2026-02-18 13:14:03.195916
"FedEx: Leveraging Logistics To Reduce Electronic Waste. NORTHAMPTON, MA / ACCESS Newswire / February...","FedEx: Leveraging Logistics To Reduce Electronic Waste. NORTHAMPTON, MA / ACCESS Newswire / February 16, 2026 / FedEx Supply Chain has been honored with the Sustainable Purchasing Leadership Council's 2025 Leadership Award in the Circular Economy category for",Positive,0.10562113167252392,Low Risk,0.002424329286441207,0.009204160422086716,0.9883715510368347,2,"FedEx, Logistics, Electronic Waste, Sustainability, Circular Economy",2026-02-18 13:14:16.400036
"Exclusive: Pentagon warns Anthropic will ""pay a price"" as feud escalates - Axios","Exclusive: Pentagon warns Anthropic will ""pay a price"" as feud escalates - Axios",Negative,0.8649185785558076,High Risk,0.9182049036026001,0.07588662952184677,0.005908505525439978,0,"Pentagon, Anthropic, AI, Feud, Warning",2026-02-18 13:14:33.201501
"Lt Gen Pratik Sharma reviews logistics preparedness in Kashmir. Excelsior Correspondent SRINAGAR, Fe...","Lt Gen Pratik Sharma reviews logistics preparedness in Kashmir. Excelsior Correspondent SRINAGAR, Feb 15: Lt Gen Pratik Sharma, Army Commander, Northern Command, today visited a strategic logistics echelon in Kashmir to review its operational preparedness and its ability to support forward formations under dynamic conditions. During the visit, the Army Commander was briefed on the unit’s logistics system, supply chain management, infrastructure and use of technology to ensure smooth support to troops deployed in forward areas. He assessed the arrangements made to maintain efficiency and quick response in difficult […]",Neutral,0.49844635259360076,Medium Risk,0.023310372605919838,0.9494951367378235,0.027194488793611526,3,"Lt Gen Pratik Sharma, Army Commander, Northern Command, Kashmir, Logistics, Military",2026-02-18 13:15:04.748284
How growing supply chain disruption is reshaping trade strategies - Auto Service World,How growing supply chain disruption is reshaping trade strategies - Auto Service World,Negative,0.7665392895229162,High Risk,0.6775389909744263,0.31127023696899414,0.011190791614353657,2,"Supply Chain Disruption, Trade Strategies, Auto Industry, Logistics, Global Trade",2026-02-18 13:15:11.802021
DTI signs up new batch of logistics partners. ELEVEN firms on Wednesday signed up as the second batc...,"DTI signs up new batch of logistics partners. ELEVEN firms on Wednesday signed up as the second batch of partners in the Department of Trade and Industry’s (DTI) Supply Chain and Logistics Center (SCLC) network to support micro, small and medium enterprises (MSMEs).",Positive,0.12565043685026467,Low Risk,0.0019587320275604725,0.06020863726735115,0.9378325939178467,3,"DTI, Logistics, MSMEs, Supply Chain, Partnerships",2026-02-18 13:15:32.545681
Why the ‘AI scare trade’ might not be done - CNN,Why the ‘AI scare trade’ might not be done - CNN,Negative,0.8497995162848383,High Risk,0.8796265721321106,0.11524564027786255,0.005127812270075083,0,"AI, Stock Market, Tech Stocks, Market Volatility, Investment",2026-02-18 13:15:39.853058
Supply Chain Attack Embeds Malware in Android Devices - Dark Reading | Security,Supply Chain Attack Embeds Malware in Android Devices - Dark Reading | Security,Negative,0.8524435840547085,High Risk,0.8885477781295776,0.10401339828968048,0.007438845932483673,1,"Supply Chain Attack, Malware, Android, Mobile Security, Cybersecurity",2026-02-18 13:16:40.276119
Port operational updates from around the world (16... - Kuehne+Nagel,Port operational updates from around the world (16... - Kuehne+Nagel,Neutral,0.5076703925151378,Medium Risk,0.024246232584118843,0.9706835150718689,0.005070256534963846,1,"Port Operations, Logistics, Global, Shipping, Supply Chain",2026-02-18 13:16:48.269105
New Data Shows Cost of Logistics Disruption - Logistics Business,New Data Shows Cost of Logistics Disruption - Logistics Business,Negative,0.8565518568735571,High Risk,0.8960347175598145,0.09931022673845291,0.0046549770049750805,2,"Logistics, Supply Chain, Disruption, Cost, Business",2026-02-18 13:17:03.526528
Globe Telecom teams up with AC Logistics for nationwide distribution hub. Globe Telecom partners wit...,Globe Telecom teams up with AC Logistics for nationwide distribution hub. Globe Telecom partners with AC Logistics to manage its primary warehousing hub at the MCX facility in Muntinlupa to improve nationwide product delivery and supply chain efficiency.,Positive,0.10888347384752706,Low Risk,0.001835472066886723,0.018537743017077446,0.9796267747879028,2,"Globe Telecom, AC Logistics, Supply Chain, Warehousing, Distribution Hub",2026-02-18 13:17:20.511412
"The Rise of ""Agentic AI"" Redefining Enterprise Productivity in 2026. Agentic AI operates on a ""reaso...","The Rise of ""Agentic AI"" Redefining Enterprise Productivity in 2026. Agentic AI operates on a ""reasoning loop."" When given a goal, such as ""optimize our Q3 supply chain logistics,"" the agent doesn't just provide a list of suggestions.",Positive,0.2204349943436682,Low Risk,0.008025736548006535,0.28503599762916565,0.7069383263587952,2,"Agentic AI, Enterprise Productivity, Artificial Intelligence, Supply Chain, Reasoning Loop",2026-02-18 13:17:53.081109
"^NDX Today, February 17: AI Disruption Fears Rattle Tech, Logistics - Meyka","^NDX Today, February 17: AI Disruption Fears Rattle Tech, Logistics - Meyka",Negative,0.8828566197771579,High Risk,0.9635643362998962,0.03001290000975132,0.006422671023756266,2,"AI, Tech, Logistics, NDX, Market, Disruption",2026-02-18 13:18:14.497973
3PLs Under Pressure – Growth Collides with Global Logistics Disruption - GetTransport.com,3PLs Under Pressure – Growth Collides with Global Logistics Disruption - GetTransport.com,Negative,0.8746274763718248,High Risk,0.9402586817741394,0.05605131760239601,0.003690039739012718,3,"3PL, Supply Chain, Logistics, Disruption, Global Trade",2026-02-18 13:18:22.376078
Army Special Forces Veteran Using Military Skills to Boost US Supply Chains - Military.com,Army Special Forces Veteran Using Military Skills to Boost US Supply Chains - Military.com,Positive,0.10653434202540667,Low Risk,0.003451586002483964,0.009432693012058735,0.9871156811714172,1,"Army Special Forces, Supply Chain, Logistics, Veterans, US Defense",2026-02-18 13:18:30.761970
Global port congestion analysis —Q2 2025 - S&P Global,Global port congestion analysis —Q2 2025 - S&P Global,Neutral,0.5504189886152745,Medium Risk,0.14024598896503448,0.8455554842948914,0.014198563992977142,1,"Port Congestion, Global Logistics, Supply Chain, Q2 2025, Maritime",2026-02-18 13:18:36.728456
"Port congestion: A guide to measurement, impact, and management - Kpler","Port congestion: A guide to measurement, impact, and management - Kpler",Neutral,0.505647786334157,Medium Risk,0.031746454536914825,0.95062655210495,0.017627011984586716,1,"Port Congestion, Shipping, Logistics, Supply Chain",2026-02-18 13:18:43.226401
"Armlogi Holding Corp. Announces Second Quarter and First Half of Fiscal Year 2026 Results. WALNUT, C...","Armlogi Holding Corp. Announces Second Quarter and First Half of Fiscal Year 2026 Results. WALNUT, Calif., Feb. 13, 2026 (GLOBE NEWSWIRE) -- Armlogi Holding Corp. ('Armlogi” or the 'Company”) (Nasdaq: BTOC), a U.S.-based warehousing and logistics service provider that offers a comprehensive package of supply-chain solutions related to warehouse management and order fulfillment, today announced financial results for its fiscal 2026 second quarter and six-month period ended December 31, 2025.",Neutral,0.501633570343256,Medium Risk,0.012405985035002232,0.9792719483375549,0.008322096429765224,1,"Armlogi, Logistics, Supply Chain, Earnings, Q2 FY2026, Warehousing",2026-02-18 13:18:53.061806
Hormel names Will Bonifant group vice president and chief supply chain.... Will oversee global procu...,"Hormel names Will Bonifant group vice president and chief supply chain.... Will oversee global procurement, manufacturing,
planning, logistics and engineering",Neutral,0.4999138539656997,Medium Risk,0.008340144529938698,0.9831043481826782,0.008555497974157333,2,"Hormel, Supply Chain, Will Bonifant, Appointments, Procurement, Logistics",2026-02-18 13:19:05.898002
"Semiconductor crunch, logistics disruption exposed auto supply chain fragility: Hyundai India MD. He...","Semiconductor crunch, logistics disruption exposed auto supply chain fragility: Hyundai India MD. He said the industry must transition towards 'just-in-case and just-in-future' strategies to build resilience.",Negative,0.8115560728590936,High Risk,0.7854945659637451,0.20790104568004608,0.006604406516999006,3,"Semiconductor shortage, Supply chain, Auto industry, Logistics, Resilience, Just-in-time",2026-02-18 13:19:18.127202
Port Performance Freight Statistics Program | Bureau of Transportation Statistics - bts.gov,Port Performance Freight Statistics Program | Bureau of Transportation Statistics - bts.gov,Neutral,0.5054201955441385,Medium Risk,0.01774684526026249,0.978056788444519,0.004196405876427889,1,"Port Performance, Freight Statistics, Bureau of Transportation Statistics, Transportation, Logistics",2026-02-18 13:20:40.515407
Centre bets on Jammu Logistics Hub to position J&K as National Horticulture Gateway. Excelsior Corre...,"Centre bets on Jammu Logistics Hub to position J&K as National Horticulture Gateway. Excelsior Correspondent JAMMU, Feb 13: In a strategic push to reposition Jammu & Kashmir as a stronger player in the national agri-supply chain, the Union Government has initiated action to establish a Multi Modal Logistics Park (MMLP) at Jammu – a move expected to transform the Union Territory into a key distribution gateway for high-value horticultural produce. The development was revealed in the Rajya Sabha by Minister of State for Agriculture and Farmers Welfare Ramnath Thakur, in response to an […]",Positive,0.14493382386863232,Low Risk,0.003480527549982071,0.10537350922822952,0.8911459445953369,2,"Jammu & Kashmir, Horticulture, Logistics, Infrastructure, Agriculture",2026-02-18 13:20:52.449908
"Isla Group strengthens nationwide supply chain with Magsaysay Shipping and Logistics. MABINI, Batang...","Isla Group strengthens nationwide supply chain with Magsaysay Shipping and Logistics. MABINI, Batangas – Isla Group has strengthened its nationwide logistics capability with the blessing and naming ceremony of PURE GRACE, a dedicated LPG",Positive,0.10387952979654073,Low Risk,0.0014279610477387905,0.006842913571745157,0.9917290806770325,2,"Isla Group, Magsaysay Shipping, Supply Chain, LPG, PURE GRACE",2026-02-18 13:21:50.898024
3 Canadian Blue - Chip Stocks to Hold Through 2026 and Beyond,3 Canadian Blue - Chip Stocks to Hold Through 2026 and Beyond,Positive,0.11437259418889881,Low Risk,0.0050801868,0.025771113,0.9691487,0,"Canadian Stocks, Blue Chip Stocks, Long-term Investing, 2026, Stock Market",2026-02-18 14:59:08.404645
Dishub Banten Sediakan 900 Kuota Mudik Gratis,Dishub Banten Sediakan 900 Kuota Mudik Gratis,Neutral,0.44333744496107097,Medium Risk,0.07351899,0.7113056,0.21517543,0,"Banten, Dishub, Mudik, Kuota, Gratis",2026-02-18 14:59:18.939533
Pemprov Lampung dan Kementerian Perhubungan Bersinergi Hadapi Arus Lebaran,Pemprov Lampung dan Kementerian Perhubungan Bersinergi Hadapi Arus Lebaran,Neutral,0.4278121300041675,Medium Risk,0.123973764,0.5715828,0.30444345,0,"Lampung, Transportasi, Lebaran, Arus Mudik, Koordinasi",2026-02-18 14:59:35.525947
"Beyond compliance: How primary carbon data drives smarter sourcing. Through its Scope 3 Program, Tog...","Beyond compliance: How primary carbon data drives smarter sourcing. Through its Scope 3 Program, Together for Sustainability (TfS) is helping chemical companies and suppliers shift from estimates to evidence.",Neutral,0.471226803958416,Medium Risk,0.012089163,0.9038887,0.08402206,0,"Primary carbon data, Scope 3, Supply chain, Chemical industry, Sustainability",2026-02-18 14:59:49.711795
"Early Lunar New Year spurs air cargo volume boost. <figure><div><img src=""https://imgproxy.divecdn.c...","Early Lunar New Year spurs air cargo volume boost. <figure><div><img src=""https://imgproxy.divecdn.com/FHjW3Z2phs24g-jHoEeM09YQaOlardCOkzMVlRlLDCI/g:ce/rs:fill:1600:900:1/Z3M6Ly9kaXZlc2l0ZS1zdG9yYWdlL2RpdmVpbWFnZS9hZDk1MTE4MC0xM2IwLTQ5ZmUtODBhMi0wNDllM2Q2ZTZhMTIuamZpZg==.webp"" /></div></figure>The metric rose by 7% in January year over year, but the average spot rate declined by 1%, Xeneta reported.",Positive,0.10769768576137723,Low Risk,0.0069777705,0.005288688,0.9877335,1,"Air Cargo, Lunar New Year, Freight, Volume, Logistics",2026-02-18 14:59:59.013906
"Stability in Supply , Uncertainty in Direction : Q1 Supply Chain Report from Agrowgate","Stability in Supply , Uncertainty in Direction : Q1 Supply Chain Report from Agrowgate",Neutral,0.6842055022716523,Medium Risk,0.4996156,0.46128255,0.03910178,2,"Supply Chain, Q1 Report, Stability, Uncertainty, Agrowgate",2026-02-18 15:00:10.232170
The Invisible Risk : Exposing Software Supply Chain Blind Spots in Government,The Invisible Risk : Exposing Software Supply Chain Blind Spots in Government,Negative,0.8268974157515914,High Risk,0.8226491,0.17194529,0.005405622,1,"Software Supply Chain, Government, Cybersecurity, Risk Management, Vulnerabilities",2026-02-18 15:00:20.588544
Meet the TWO new Golden Bachelors as filming kicks off,Meet the TWO new Golden Bachelors as filming kicks off,Neutral,0.4909809807315469,Medium Risk,0.025416402,0.92661965,0.047963943,0,"Golden Bachelor, Reality TV, Bachelor Nation, Casting, Season 1",2026-02-18 15:00:31.138607
米イーライリリー 、 インドを世界的供給網の拠点化へ＝幹部,米イーライリリー 、 インドを世界的供給網の拠点化へ＝幹部,Neutral,0.4878191456198692,Medium Risk,0.047459833,0.8746282,0.077912025,0,"Eli Lilly, India, Supply Chain, Global, Pharmaceutical",2026-02-18 15:00:45.416407
_ 天奇股份 ( 002009 ) 股吧 _ 东方财富网股吧,_ 天奇股份 ( 002009 ) 股吧 _ 东方财富网股吧,Neutral,0.4995594997424632,Medium Risk,0.007386682,0.9841254,0.00848798,0,"天奇股份, 002009, 股票, 财经",2026-02-18 15:01:02.471557
Steam Deck OLED因内存短缺供货紧张 ， PS6或推迟 、 Switch 2或涨价,Steam Deck OLED因内存短缺供货紧张 ， PS6或推迟 、 Switch 2或涨价,Neutral,0.48628481663763523,Medium Risk,0.046528626,0.8726548,0.08081655,0,"Steam Deck OLED, PS6, Switch 2, Gaming Hardware, Supply Chain, Price Hike",2026-02-18 15:01:24.180523
Africa grand stage of honour : Why Ghana hosts POTY 2026,Africa grand stage of honour : Why Ghana hosts POTY 2026,Positive,0.32869502659887073,Low Risk,0.0061490443,0.5594395,0.43441147,0,"Ghana, Africa, POTY 2026, Sports Awards, Hosting",2026-02-18 15:01:40.880311
"Fedecafé proyecta una producción de 6 , 2 millones de sacos en el primer semestre","Fedecafé proyecta una producción de 6 , 2 millones de sacos en el primer semestre",Neutral,0.4418203390203417,Medium Risk,0.008729695,0.83709145,0.1541789,0,"Fedecafé, Café, Producción, Primer semestre, 6.2 millones",2026-02-18 15:01:57.079386
"UPS’ 2026 closures will hit Atlanta, Dallas, other cities across US. <figure><div><img src=""https://...","UPS’ 2026 closures will hit Atlanta, Dallas, other cities across US. <figure><div><img src=""https://imgproxy.divecdn.com/8_il996K5hOBswTE0BFyKbb1O-9FjhqMqkW9-fJ0stM/g:ce/rs:fill:1600:900:1/Z3M6Ly9kaXZlc2l0ZS1zdG9yYWdlL2RpdmVpbWFnZS9HZXR0eUltYWdlcy0xMjM3MDUyNDIwXzEuanBn.webp"" /></div></figure>The carrier plans to shutter 22 facilities with Teamsters members across 18 states this year, according to court documents.",Negative,0.8344912494067104,High Risk,0.8410268,0.15417457,0.004798616,0,"UPS, Closures, Teamsters, Logistics, Atlanta, Dallas",2026-02-18 15:02:06.391969
"Penyeberangan di Gilimanuk Periode Libur Imlek Lancar , Padat saat Arus Mudik","Penyeberangan di Gilimanuk Periode Libur Imlek Lancar , Padat saat Arus Mudik",Neutral,0.5001616917084902,Medium Risk,0.007118731,0.9861668,0.0067144637,0,"Gilimanuk, Penyeberangan, Libur Imlek, Arus Mudik, Lalu Lintas",2026-02-18 15:02:21.833160
Port operational updates from around the world (23 - 29 January 2026) - Kuehne+Nagel,Port operational updates from around the world (23 - 29 January 2026) - Kuehne+Nagel,Neutral,0.5032538621686399,Medium Risk,0.012479277,0.9831761,0.004344565,1,"Ports, Logistics, Kuehne+Nagel, Global, Operational Updates",2026-02-18 15:02:31.970174
AI Whac - a - Mole takes over the stock market . JPMorgan says these stocks are insulated,AI Whac - a - Mole takes over the stock market . JPMorgan says these stocks are insulated,Positive,0.3074636668898165,Low Risk,0.006610357,0.50543845,0.48795122,0,"AI, Stock Market, JPMorgan, Tech Stocks, Investment",2026-02-18 15:02:44.256690
Food Supply Networks and AI : A Four - Webinar Series | UW – Madison Events Calendar,Food Supply Networks and AI : A Four - Webinar Series | UW – Madison Events Calendar,Neutral,0.4977968707680702,Medium Risk,0.009523725,0.97544473,0.015031511,0,"Food Supply, AI, Webinar, UW Madison, Agriculture, Technology",2026-02-18 15:02:56.647885
nasdaq today : Nasdaq and S & P 500 fall today as tech stocks drop and AI worries grow,nasdaq today : Nasdaq and S & P 500 fall today as tech stocks drop and AI worries grow,Negative,0.8641611633822323,High Risk,0.91372323,0.08295647,0.0033202078,0,"Nasdaq, S&P 500, Tech Stocks, Artificial Intelligence, Stock Market",2026-02-18 15:03:07.096043
Contain price hike during Ramadan,Contain price hike during Ramadan,Neutral,0.48099067211151125,Medium Risk,0.30013785,0.35220098,0.34766117,0,"Price hike, Ramadan, Food prices, Cost of living, Economy",2026-02-18 15:03:15.589116
Real-Time Payments Give Contractors Back 2 Workweeks a Month. The four horsemen of construction proj...,"Real-Time Payments Give Contractors Back 2 Workweeks a Month. The four horsemen of construction project delays typically appear as rain-soaked jobsites, supply shortages, labor gaps or permitting snags. However, the latest Money Mobility Tracker®, a PYMNTS Intelligence collaboration with Ingo Payments, found that these …",Neutral,0.6640807878226042,Medium Risk,0.42372903,0.5627439,0.013527077,2,"Real-Time Payments, Construction, Contractors, Money Mobility, Project Delays",2026-02-18 15:03:24.400356
الحالة المرورية اليوم الأربعاء .. كثافات متوسطة بالقاهرة الكبرى,الحالة المرورية اليوم الأربعاء .. كثافات متوسطة بالقاهرة الكبرى,Neutral,0.5019054964184761,Medium Risk,0.017289467,0.9701848,0.012525745,0,"الحالة المرورية, القاهرة, الأربعاء, كثافات مرورية",2026-02-18 15:03:38.618729
"Phường Bồ Đề : Bảo đảm trật tự , kỷ cương , văn minh đô thị","Phường Bồ Đề : Bảo đảm trật tự , kỷ cương , văn minh đô thị",Neutral,0.500576497684233,Medium Risk,0.0045168684,0.9924075,0.0030756576,0,"Phường Bồ Đề, Bảo đảm trật tự, Kiểm soát, Văn minh đô thị",2026-02-18 15:03:54.098049
Un nuevo puente sobre el río Ozama sería la solución a los problemas de movilidad en Santo Domingo ?,Un nuevo puente sobre el río Ozama sería la solución a los problemas de movilidad en Santo Domingo ?,Neutral,0.5013709823600947,Medium Risk,0.0066813217,0.9900648,0.0032539298,0,"Puente, Ozama, Santo Domingo, Movilidad, Transporte",2026-02-18 15:04:02.078064
How Cybercriminals Are Cashing In On SaaS Supply Chain Weaknesses,How Cybercriminals Are Cashing In On SaaS Supply Chain Weaknesses,Negative,0.8266328876838088,High Risk,0.83290803,0.15076615,0.016325822,1,"Cybersecurity, SaaS, Supply Chain, Cybercrime, Cloud Security",2026-02-18 15:04:11.504371
30 Ribu Bus Mudik Gratis dan Angkutan Motor ke Pelabuhan Panjang Disiapkan pada Mudik 2026,30 Ribu Bus Mudik Gratis dan Angkutan Motor ke Pelabuhan Panjang Disiapkan pada Mudik 2026,Neutral,0.4955977901816368,Medium Risk,0.051381737,0.886231,0.062387243,0,"Mudik, Mudik 2026, Bus Gratis, Angkutan Motor, Pelabuhan Panjang, Transportasi",2026-02-18 15:04:30.238611
How the uninvestable is becoming investable,How the uninvestable is becoming investable,Positive,0.29715762957930564,Low Risk,0.034833364,0.42322734,0.5419393,0,"Investing, Markets, Risk, Strategy, Trends",2026-02-18 15:04:48.773445
AI in national governance : Architecting cognitive state in accelerating intelligence era,AI in national governance : Architecting cognitive state in accelerating intelligence era,Neutral,0.4867239283397794,Medium Risk,0.005857153,0.9550955,0.03904726,0,"AI, National Governance, Cognitive State, Intelligence Era, Geopolitics, Digital Policy",2026-02-18 15:04:57.479518
"UPS’ 2026 closures will hit Atlanta, Dallas, other cities across US - Supply Chain Dive","UPS’ 2026 closures will hit Atlanta, Dallas, other cities across US - Supply Chain Dive",Negative,0.8665395539486781,High Risk,0.9200317,0.076285414,0.0036829303,1,"UPS, Closures, Atlanta, Dallas, Supply Chain, Logistics",2026-02-18 15:05:05.262131
Lên núi xem hội chọi bò của người Mông,Lên núi xem hội chọi bò của người Mông,Neutral,0.48429937511682514,Medium Risk,0.14895591,0.6628366,0.18820749,0,"Người Mông, Hội chọi bò, Văn hóa, Tây Bắc, Lễ hội",2026-02-18 15:05:15.402976
"AI fueled massive surge in fraud losses last year, study finds. <figure><div><img src=""https://imgpr...","AI fueled massive surge in fraud losses last year, study finds. <figure><div><img src=""https://imgproxy.divecdn.com/-FO4pzpaLB5HF0p4Y0vlNnrPecrPBpAe9vbJwuahFyc/g:ce/rs:fill:1600:900:1/Z3M6Ly9kaXZlc2l0ZS1zdG9yYWdlL2RpdmVpbWFnZS9HZXR0eUltYWdlcy0xNjMxMDQ3NTUxXzJndFE1RDYuanBn.webp"" /></div></figure>AI fraud has now outpaced traditional fraud, signaling a major shift in the threat landscape, according to the research.",Negative,0.8525670114904642,High Risk,0.8883846,0.10464836,0.006967094,0,"AI, Fraud, Cybersecurity, Financial Crime",2026-02-18 15:05:24.922700
Perminas dan NEM Kerja Sama Kelola Mineral Kritis,Perminas dan NEM Kerja Sama Kelola Mineral Kritis,Neutral,0.5151175275444985,Medium Risk,0.2733745,0.49104482,0.2355807,0,"Pertambangan, Mineral Kritis, Kerja Sama, Energi Nasional, Kebijakan Energi",2026-02-18 15:06:26.199884
TVS Supply Chain Solutions Ink MoU With Italy ALA Group For Defence Logistics,TVS Supply Chain Solutions Ink MoU With Italy ALA Group For Defence Logistics,Positive,0.10263406084850431,Low Risk,0.0017357613,0.0031136381,0.99515057,2,"TVS Supply Chain Solutions, MoU, Defence, Logistics, Italy, ALA Group",2026-02-18 15:06:38.651478
"PH , US , Australia hold maritime drills over West Philippine Sea","PH , US , Australia hold maritime drills over West Philippine Sea",Neutral,0.5240816015750169,Medium Risk,0.10176681,0.8566704,0.04156283,0,"Philippines, United States, Australia, West Philippine Sea, Maritime Drills",2026-02-18 15:06:54.115386
"Revlon appoints COO to run global supply chain. <figure><div><img src=""https://imgproxy.divecdn.com/...","Revlon appoints COO to run global supply chain. <figure><div><img src=""https://imgproxy.divecdn.com/Zyp4RfgYsqu34EIOzdPX17un32OvMd4g69eqQI35t2U/g:nowe:0:36/c:2015:1138/rs:fill:1600:900:1/Z3M6Ly9kaXZlc2l0ZS1zdG9yYWdlL2RpdmVpbWFnZS9JTUdfNTAxMS5qcGc=.webp"" /></div></figure>Mario Rivera is tasked with driving an end-to-end supply chain transformation for the cosmetics maker after stints at CVS Health and Target.",Positive,0.36874093674123287,Low Risk,0.047688868,0.5764746,0.37583652,1,"Revlon, Mario Rivera, Supply Chain, COO, Global Supply Chain, Transformation",2026-02-18 15:07:04.456261
Menhub : Antisipasi kemacetan selama periode Angkutan Lebaran 2026,Menhub : Antisipasi kemacetan selama periode Angkutan Lebaran 2026,Neutral,0.4953531245701015,Medium Risk,0.011717319,0.9649482,0.023334492,0,"Kemacetan, Angkutan Lebaran, Menhub, Transportasi, 2026",2026-02-18 15:07:17.361213
中國出口管制 ， 美歐法規介入 ， 石墨成為新變數 ， 牽動電動車供應鏈重組,中國出口管制 ， 美歐法規介入 ， 石墨成為新變數 ， 牽動電動車供應鏈重組,Neutral,0.47146391309797764,Medium Risk,0.059963513,0.80873275,0.13130377,0,"China Export Controls, Graphite, Electric Vehicle Supply Chain, US EU Regulations, Supply Chain Restructuring",2026-02-18 15:07:28.725621
سبتمبر نت - تكدس آلاف المسافرين في منفذ الوديعة مع استمرار اغلاق مطار صنعاء,سبتمبر نت - تكدس آلاف المسافرين في منفذ الوديعة مع استمرار اغلاق مطار صنعاء,Neutral,0.49438845850527285,Medium Risk,0.041481253,0.90300864,0.05551011,0,"مسافرون, منفذ الوديعة, مطار صنعاء, إغلاق, اليمن",2026-02-19 10:02:14.392818
FDA chief Marty Makary says 'everything should be over the counter' unless drug is unsafe or addicti...,"FDA chief Marty Makary says 'everything should be over the counter' unless drug is unsafe or addictive. Makary said the FDA is looking at prescription drugs like nausea medications and vaginal estrogen, and hopes to make changes this year.",Neutral,0.519458906725049,Medium Risk,0.068507925,0.9116314,0.019860718,0,"FDA, Over-the-counter, Marty Makary, Prescription drugs, Healthcare policy",2026-02-19 10:02:58.015665
Revlon appoints COO to run global supply chain,Revlon appoints COO to run global supply chain,Neutral,0.4304523512721061,Medium Risk,0.023292243,0.7795464,0.19716142,1,"Revlon, Appointments, COO, Supply Chain, Global",2026-02-19 10:03:08.660512
How supply chain discipline is fueling pharmacy growth at IU Health,How supply chain discipline is fueling pharmacy growth at IU Health,Positive,0.10522474898025394,Low Risk,0.0017565563,0.009548775,0.9886946,1,"Supply Chain, Pharmacy, IU Health, Healthcare, Operations",2026-02-19 10:03:19.211135
Các nàng thơ đội nắng check - in đường hoa Nguyễn Huệ,Các nàng thơ đội nắng check - in đường hoa Nguyễn Huệ,Neutral,0.536309440433979,Medium Risk,0.1444021,0.8019694,0.053628445,0,"Nguyễn Huệ Flower Street, Check-in, Nàng thơ, Chụp ảnh, Thời trang",2026-02-19 10:03:35.018296
Blanked sailings surge as congestion and reliability continue to constrain capacity - Metro Global,Blanked sailings surge as congestion and reliability continue to constrain capacity - Metro Global,Positive,0.17450319267809392,Low Risk,0.07510485,0.036048297,0.8888468,0,"Shipping, Logistics, Congestion, Supply Chain, Blacked Sailings, Capacity",2026-02-19 10:03:50.237010
"Pentagon may designate Anthropic as 'Supply Chain Risk': What this means for the company, its custom...","Pentagon may designate Anthropic as 'Supply Chain Risk': What this means for the company, its customers a - Times of India",Negative,0.8617098507471384,High Risk,0.90992856,0.08441752,0.0056538554,1,"Pentagon, Anthropic, Supply Chain Risk, Artificial Intelligence, US Defense",2026-02-19 10:04:01.809727
"FDA chief warns U.S. is losing ground to China in early drug development, calls for faster trial app...","FDA chief warns U.S. is losing ground to China in early drug development, calls for faster trial approvals. Makary pointed to three bottlenecks: hospital contracting; ethical reviews and approvals; and the Investigational New Drug applications process",Negative,0.8101750507950783,High Risk,0.7815911,0.21225539,0.006153509,0,"FDA, Drug Development, China, Clinical Trials, Drug Approval, Healthcare Policy",2026-02-19 10:04:15.222763
Menhub sebut 255 unit kapal disiapkan dukung angkutan Lebaran,Menhub sebut 255 unit kapal disiapkan dukung angkutan Lebaran,Neutral,0.40165649205446247,Medium Risk,0.14831494,0.45751137,0.39417365,0,"Menhub, Kapal, Angkutan Lebaran, Transportasi, Persiapan",2026-02-19 10:04:30.509849
Maduro raid questions trigger Pentagon review of top AI firm as potential ‘supply chain risk’ - Fox ...,Maduro raid questions trigger Pentagon review of top AI firm as potential ‘supply chain risk’ - Fox News,Negative,0.8772845594212413,High Risk,0.9502305,0.042750444,0.0070190597,1,"Pentagon, AI, Supply Chain, National Security, Maduro",2026-02-19 10:04:47.813751
America's Pensions Can't Beat Vanguard but They Can Close Your Hospital. $6 trillion in patient capi...,"America's Pensions Can't Beat Vanguard but They Can Close Your Hospital. $6 trillion in patient capital, $60+ billion in annual fees, and the infrastructure that never gets built",Negative,0.8011193620041013,High Risk,0.76026124,0.23227595,0.007462742,0,"Pensions, Vanguard, Hospitals, Infrastructure, Fees",2026-02-19 10:04:55.880074
"Delhi traffic advisory : Avoid these roads today as PM Modi , President Macron attend AI summit – fu...","Delhi traffic advisory : Avoid these roads today as PM Modi , President Macron attend AI summit – full list of diversions",Negative,0.747988615790382,High Risk,0.62507385,0.36982384,0.0051022903,0,"Delhi Traffic, Traffic Advisory, PM Modi, President Macron, AI Summit",2026-02-19 10:05:01.920143
Prep for spring allergy season: These remedies can help you breathe easier. From HEPA air purifiers ...,"Prep for spring allergy season: These remedies can help you breathe easier. From HEPA air purifiers and dehumidifiers to eye drops and anti-itch creams, these practical picks play a role in managing allergens during the spring.",Neutral,0.4351431217044592,Medium Risk,0.018270027,0.80131775,0.18041222,0,"Spring allergies, Allergy remedies, Seasonal health, Allergen management",2026-02-19 10:05:09.088454
"Motive Expands AI Platform to Automate Driver Qualification , Compliance and Workforce Records Manag...","Motive Expands AI Platform to Automate Driver Qualification , Compliance and Workforce Records Management , Saving Teams from Time - Consuming Administrative Work",Positive,0.1606037525460124,Low Risk,0.003952367,0.14360464,0.85244304,0,"Motive, AI, Automation, Driver Qualification, Compliance, Fleet Management",2026-02-19 10:05:17.481776
Feriado de Carnaval : 93 . 000 vehículos salieron desde Guayaquil por el peaje Chongón,Feriado de Carnaval : 93 . 000 vehículos salieron desde Guayaquil por el peaje Chongón,Neutral,0.5032615639269352,Medium Risk,0.010828167,0.9864976,0.0026742294,0,"Carnaval, Guayaquil, Tráfico, Transporte, Peaje Chongón",2026-02-19 10:05:27.179951
Những công trình trọng điểm cán đích đầu năm 2026,Những công trình trọng điểm cán đích đầu năm 2026,Neutral,0.45674186646938325,Medium Risk,0.10173081,0.68839306,0.2098761,0,"Công trình trọng điểm, Cán đích, 2026, Xây dựng",2026-02-19 10:05:38.678149
Komisi V DPR Dorong Bus Laut Jadi Solusi Atasi Kemacetan Parah di Bali,Komisi V DPR Dorong Bus Laut Jadi Solusi Atasi Kemacetan Parah di Bali,Neutral,0.49068180918693544,Medium Risk,0.15966533,0.65737385,0.18296088,0,"Bali, Kemacetan, Bus Laut, DPR Komisi V, Transportasi",2026-02-19 10:05:45.336803
"Hapag-Lloyd to acquire Zim in $4.2B deal. Under the deal, Hapag-Lloyd will operate a fleet of more t...","Hapag-Lloyd to acquire Zim in $4.2B deal. Under the deal, Hapag-Lloyd will operate a fleet of more than 400 vessels, creating a capacity of over 3 million TEUs.",Positive,0.1114220955176279,Low Risk,0.0020031508,0.024548948,0.97344786,0,"Hapag-Lloyd, Zim, Shipping, Acquisition, Container Shipping",2026-02-19 10:06:31.522328
Difference Between Bitcoin and Ethereum?. Explore the key differences between Bitcoin and Ethereum: ...,Difference Between Bitcoin and Ethereum?. Explore the key differences between Bitcoin and Ethereum: Bitcoin as digital currency and Ethereum as a platform for dApps and smart contracts. Which is right for you?,Neutral,0.488269898109138,Medium Risk,0.017301561,0.93607163,0.046626758,0,"Bitcoin, Ethereum, Cryptocurrency, Smart Contracts, dApps",2026-02-19 10:07:00.706140
Seattle Seahawks begin sale process after Super Bowl win. The Seattle Seahawks are beginning a sale ...,Seattle Seahawks begin sale process after Super Bowl win. The Seattle Seahawks are beginning a sale process in what could be one of the largest NFL sales in history.,Positive,0.2992427505552769,Low Risk,0.020607896,0.4568911,0.522501,0,"Seattle Seahawks, NFL, Franchise sale, Super Bowl, Sports business",2026-02-19 10:07:10.023864
"Smithfield to build $1.3B pork processing plant. <figure><div><img src=""https://imgproxy.divecdn.com...","Smithfield to build $1.3B pork processing plant. <figure><div><img src=""https://imgproxy.divecdn.com/MsIC_1jX6hW9N42wpG3Pdf3ibQUi8t2Mu_3k4WGxbQY/g:ce/rs:fill:1600:900:1/Z3M6Ly9kaXZlc2l0ZS1zdG9yYWdlL2RpdmVpbWFnZS9zbWl0aGZpZWxkLWZvb2RzLXByZWxpbWluYXJ5LXNpb3V4LWZhbGxzLWZhY2lsaXR5LWRlc2lnbi1jb25fMS5qcGc=.webp"" /></div></figure>The facility, which will also produce packaged meats, will replace a more than 100-year-old plant in South Dakota and provide &ldquo;significant efficiency gains.&rdquo;",Positive,0.14425973501056433,Low Risk,0.02362368,0.063402,0.91297424,0,"Smithfield, Pork Processing, South Dakota, Meat Processing, Investment",2026-02-19 10:07:29.786693
"Cadenas de suministro inestables y solvencia de los clientes exportadores , los dos frentes que amen...","Cadenas de suministro inestables y solvencia de los clientes exportadores , los dos frentes que amenazan el sector de la logística y el transporte en 2026",Neutral,0.5012935906881466,Medium Risk,0.0056180935,0.9919978,0.002384173,1,"Supply chains, Logistics, Transport, Exporters, Solvency, 2026",2026-02-19 10:07:54.157243
"As Walmart and Target head in different directions, all eyes are on their new CEOs. The two big-box ...","As Walmart and Target head in different directions, all eyes are on their new CEOs. The two big-box retailers are contending with the same economic backdrop, yet Target is trying to prove it can make a comeback.",Neutral,0.5552495948038995,Medium Risk,0.14639932,0.84532535,0.008275322,0,"Walmart, Target, CEOs, Big-box Retailers, Retail",2026-02-19 10:08:29.566633
Big Tech execs on AI ; UN on AI inclusion and regulations,Big Tech execs on AI ; UN on AI inclusion and regulations,Neutral,0.47972469292581077,Medium Risk,0.017388906,0.9145339,0.06807721,0,"Artificial Intelligence, Big Tech, United Nations, Regulation, Tech Industry",2026-02-19 10:09:18.023857
The AI inflection point : How to turn supply chain volatility into foresight,The AI inflection point : How to turn supply chain volatility into foresight,Neutral,0.47806445965543387,Medium Risk,0.0100574205,0.9250463,0.06489619,1,"AI, Supply Chain, Predictive Analytics, Risk Management, Logistics",2026-02-19 10:09:31.029483
TVS Supply Chain Solutions firma un protocollo dintesa con il gruppo italiano ALA per entrare nel me...,TVS Supply Chain Solutions firma un protocollo dintesa con il gruppo italiano ALA per entrare nel mercato aerospaziale e della difesa indiano,Neutral,0.4915024903602898,Medium Risk,0.009623072,0.9595101,0.030866815,1,"TVS Supply Chain Solutions, ALA, Aerospace, Defense, India, Partnership",2026-02-19 10:10:05.843960
"TVS Supply Chain sees defence logistics opportunity as India market expands. Ravi Viswanathan, Manag...","TVS Supply Chain sees defence logistics opportunity as India market expands. Ravi Viswanathan, Managing Director of TVS Supply Chain Solutions, expects defence logistics opportunity to cross ₹2,000 crore over time. The partnership with ALA is currently at the MOU stage, with revenue sharing to be decided project-wise. Defence business is expected to support margin improvement for the company.",Positive,0.10469365698518232,Low Risk,0.0014263253,0.008881498,0.98969215,3,"TVS Supply Chain Solutions, Defence Logistics, India Market, Supply Chain, Margin Improvement",2026-02-19 10:10:17.930238
"Sri Lanka airports post strongest year since crisis as traffic , airlines and regional hubs gain mom...","Sri Lanka airports post strongest year since crisis as traffic , airlines and regional hubs gain momentum",Positive,0.10394710965920241,Low Risk,0.0036419472,0.0025838793,0.9937742,1,"Sri Lanka, Airports, Traffic, Airlines, Tourism",2026-02-19 10:11:27.457191
"MPV operators adapt to congestion by shifting to alternative ports, digital tools - Journal of Comme...","MPV operators adapt to congestion by shifting to alternative ports, digital tools - Journal of Commerce",Neutral,0.5660025626420975,Medium Risk,0.23435673,0.69629294,0.06935036,1,"MPV operators, Congestion, Alternative ports, Digital tools, Logistics",2026-02-19 10:11:36.057284
"Nordstrom builds sourcing strategy, spend visibility with AI. The retailer would benefit from an AI ...","Nordstrom builds sourcing strategy, spend visibility with AI. The retailer would benefit from an AI solution for sourcing agility and resiliency, Chief Procurement Officer Karoline Dygas said at Manifest 2026.",Positive,0.18131275204941633,Low Risk,0.010884712,0.18151245,0.8076029,0,"Nordstrom, AI, Sourcing, Procurement, Spend Visibility",2026-02-19 10:11:45.482152
Smartbox Launches Smart Serve to Tackle the Growing Cost of Manual IT Asset Handling,Smartbox Launches Smart Serve to Tackle the Growing Cost of Manual IT Asset Handling,Neutral,0.5252600878477096,Medium Risk,0.13390416,0.7953419,0.0707539,0,"Smartbox, IT Asset Management, Logistics, Supply Chain, Automation, Smart Serve",2026-02-19 10:11:54.036899
เปิดทางรอดอุตสาหกรรมยานยนต์ : เร่งปรับโครงสร้างใช้ AI - ดึงลูกค้า,เปิดทางรอดอุตสาหกรรมยานยนต์ : เร่งปรับโครงสร้างใช้ AI - ดึงลูกค้า,Neutral,0.5095083312131464,Medium Risk,0.038433656,0.9469035,0.014662773,0,"ยานยนต์, ปัญญาประดิษฐ์, อุตสาหกรรม, การเปลี่ยนแปลง, ลูกค้า",2026-02-19 10:12:13.537755
C919产能爬坡加速 ！ 产业链核心标的迎确定性增长周期 （ 附名单 ）_ 股市要闻 _ 市场 _ 中金在线,C919产能爬坡加速 ！ 产业链核心标的迎确定性增长周期 （ 附名单 ）_ 股市要闻 _ 市场 _ 中金在线,Neutral,0.489598491601646,Medium Risk,0.023929508,0.9261372,0.049933296,0,"C919, 产能爬坡, 产业链, 股市, 核心标的",2026-02-19 10:12:55.218237
המשחתת שתיירט טילים והמטוסים שיפציצו באיראן | כך תיראה מתקפה אמריקנית,המשחתת שתיירט טילים והמטוסים שיפציצו באיראן | כך תיראה מתקפה אמריקנית,Neutral,0.5111281562596559,Medium Risk,0.07445443,0.87891155,0.046633948,0,"איראן, ארה""ב, מתקפה, יירוט, צבא, פצצה",2026-02-19 10:13:10.267892
Shocking Data : Long - Term Bitcoin Holders Are Suddenly Selling,Shocking Data : Long - Term Bitcoin Holders Are Suddenly Selling,Negative,0.8796728718094529,High Risk,0.9600477,0.029086735,0.010865546,0,"Bitcoin, BTC, Long-term holders, Selling, Cryptocurrency, Market trend",2026-02-19 10:13:16.999484
"Six Predictions For 2026 : Supply Chains , AI , The Workforce And More","Six Predictions For 2026 : Supply Chains , AI , The Workforce And More",Neutral,0.485793466353789,Medium Risk,0.0047585242,0.9549666,0.04027492,1,"Supply Chains, AI, The Workforce, Predictions, 2026",2026-02-19 10:13:22.352400
Why India joining this U.S.-led tech alliance could help supply chains - CNBC,Why India joining this U.S.-led tech alliance could help supply chains - CNBC,Positive,0.10494854607386515,Low Risk,0.0018166163,0.008738105,0.9894454,1,"India, United States, Tech Alliance, Supply Chains, Geopolitics",2026-02-19 10:13:40.167763
Innovative clinical supply chain models at the forefront of transforming industry,Innovative clinical supply chain models at the forefront of transforming industry,Positive,0.16190127418376504,Low Risk,0.0061683753,0.14241642,0.8514153,1,"Clinical Supply Chain, Innovation, Healthcare Industry, Supply Chain Transformation",2026-02-19 10:13:48.461119
"TSX rises as tech stocks rebound , miners gain","TSX rises as tech stocks rebound , miners gain",Positive,0.10992634233552964,Low Risk,0.010717424,0.0033810271,0.9859015,0,"TSX, Tech, Mining, Stock Market, Rebound",2026-02-19 10:13:58.182135
"Berkat Optimisme AI , Ringgit Malaysia Diproyeksi Terus Menguat di 2026","Berkat Optimisme AI , Ringgit Malaysia Diproyeksi Terus Menguat di 2026",Positive,0.10835426498670132,Low Risk,0.0035690276,0.013747596,0.9826834,0,"AI, Ringgit Malaysia, Economy, 2026, Optimism",2026-02-19 10:14:12.626436
Pentagon ‘close’ to punishing Anthropic AI as ‘supply chain risk’ over Claude’s military use terms: ...,Pentagon ‘close’ to punishing Anthropic AI as ‘supply chain risk’ over Claude’s military use terms: Report - Mint,Negative,0.8691820130683482,High Risk,0.9325415,0.057872068,0.009586384,2,"Anthropic AI, Artificial Intelligence, Pentagon, Military, Supply Chain",2026-02-19 10:29:05.566294
"CalChamber Urges U.S. Administration to Address Expected Port Congestion, Supply Chain Disruptions -...","CalChamber Urges U.S. Administration to Address Expected Port Congestion, Supply Chain Disruptions - CalChamber",Negative,0.8602780355140568,High Risk,0.91029274,0.080109596,0.009597672,3,"Port Congestion, Supply Chain Disruptions, CalChamber, Logistics, Trade",2026-02-19 10:29:16.212666
How Does Polygon Improve Ethereum Scalability?. Polygon enhances Ethereum scalability by offering fa...,"How Does Polygon Improve Ethereum Scalability?. Polygon enhances Ethereum scalability by offering faster, cheaper transactions via its Layer 2 solution. It reduces congestion and boosts performance for dApps and Web3.",Positive,0.10647548576816916,Low Risk,0.0020077256,0.012173269,0.985819,0,"Ethereum, Polygon, Scalability, Layer 2, Web3",2026-02-19 10:29:26.248155
